"row ID","title","link","pubDate","keywords"
"Row0_1","It’ll take more than Wear OS and Tizen merging to beat Apple Watch","https://www.wired.co.uk/article/wear-os-tizen-apple-watch","Thu, 20 May 2021 05:00:00 +0000","Samsung, Google, Wearables, Apple"
"Row0_2","Nike’s concept Air Jordan 3 RTNA puts butterfly tech on your feet","https://www.wired.co.uk/article/nike-air-jordan-3-rtna-structural-colour","Wed, 19 May 2021 09:02:35 +0000","Design, Fashion, Sport"
"Row0_3","How Apple screwed Facebook","https://www.wired.co.uk/article/apple-ios14-facebook","Wed, 19 May 2021 05:00:00 +0000","Apple, Facebook"
"Row0_4","Nigeria is quietly rewriting fintech’s rulebook","https://www.wired.co.uk/article/nigeria-fintech","Wed, 19 May 2021 05:00:00 +0000","Fintech, May / June 2021 Issue"
"Row0_5","The best iPhone 12 cases you can buy right now","https://www.wired.co.uk/article/best-iphone-12-cases","Tue, 18 May 2021 18:46:00 +0000","iPhone, Gear"
"Row0_6","The best webcams for working from home and streaming","https://www.wired.co.uk/article/best-webcam","Tue, 18 May 2021 18:31:00 +0000","WIRED Recommends, Gear, Cameras"
"Row0_7","The best juicers for making green juices, nut milks and smoothies","https://www.wired.co.uk/article/best-juicer","Tue, 18 May 2021 14:27:00 +0000","WIRED Recommends, Gear, Smart Home"
"Row0_8","This is why hardly anyone buys Google’s Pixel phones","https://www.wired.co.uk/article/google-pixel-6","Tue, 18 May 2021 05:00:00 +0000","Google"
"Row0_9","Nike’s bendy shoes really do work","https://www.wired.co.uk/article/nike-go-flyease-review","Tue, 18 May 2021 05:00:00 +0000","Fashion, Sport"
"Row0_10","LadBaby and the wild rise of the Facebook Famous","https://www.wired.co.uk/article/ladbaby-facebook-famous","Tue, 18 May 2021 05:00:00 +0000","Facebook"
"Row0_11","Help, the pandemic has made me an introvert!","https://www.wired.co.uk/article/lockdown-introverts","Mon, 17 May 2021 05:00:00 +0000","Health"
"Row0_12","How algorithms took creativity out of social media","https://www.wired.co.uk/article/social-media-human-curation","Mon, 17 May 2021 05:00:00 +0000","WIRED Opinion, YouTube, Instagram, May / June 2021 Issue, Facebook"
"Row0_13","The best hiking backpacks for mooches, walks and mountain adventures","https://www.wired.co.uk/article/best-hiking-backpacks","Sun, 16 May 2021 05:00:00 +0000","WIRED Recommends, Sport, Fashion"
"Row0_14","Looking for alternatives to WhatsApp? Signal is your best bet","https://www.wired.co.uk/article/whatsapp-alternatives-vs-signal","Sat, 15 May 2021 05:00:00 +0000","Facebook, Social Networks"
"Row0_15","The best Google Assistant compatible devices to build out your smart home","https://www.wired.co.uk/article/best-google-assistant-compatible-tech","Fri, 14 May 2021 20:50:00 +0000","Smart Home, Gear, WIRED Recommends, Technology"
"Row0_16","This week on The WIRED Podcast","https://www.wired.co.uk/article/the-wired-podcast","Fri, 14 May 2021 15:55:00 +0000","Podcast"
"Row0_17","45 of the best Netflix series to binge watch right now","https://www.wired.co.uk/article/best-shows-netflix","Fri, 14 May 2021 11:30:00 +0000","Netflix, Culture Guides"
"Row0_18","This startup says it can predict the health of your future child","https://www.wired.co.uk/article/orchid-embryo-testing","Fri, 14 May 2021 05:00:00 +0000","Genetics, Biology"
"Row0_19","Which translation app should you use in 2021?","https://www.wired.co.uk/article/best-translation-apps","Fri, 14 May 2021 05:00:00 +0000","Work Smarter, May / June 2021 Issue"
"Row0_20","These are the startups to watch after the pandemic","https://www.wired.co.uk/article/startups-after-pandemic","Thu, 13 May 2021 09:23:00 +0000","Social Networks, May / June 2021 Issue"
"Row0_21","Get ready for the era of augmented influencers","https://www.wired.co.uk/article/ar-influencers-litho-virtual-reality","Thu, 13 May 2021 05:00:00 +0000","WIRED Recommends, Gear, Gaming, Laptops"
"Row0_22","The best gaming laptop for any budget in 2021","https://www.wired.co.uk/article/best-gaming-laptop","Wed, 12 May 2021 16:15:00 +0000","Sport"
"Row0_23","Allbirds and adidas have made the world’s lowest carbon footprint running shoe","https://www.wired.co.uk/article/adidas-allbirds-futurecraft-footprint","Wed, 12 May 2021 14:45:00 +0000","WIRED Virtual Briefings, WIRED Events"
"Row0_24","The lonely century with Noreena Hertz","https://www.wired.co.uk/article/the-lonely-century","Wed, 12 May 2021 11:52:28 +0000","Encryption, Social Networks, Facebook, Regulation, Policy"
"Row0_25","Police caught one of the web’s most dangerous paedophiles. Then everything went dark","https://www.wired.co.uk/article/whatsapp-encryption-child-abuse","Wed, 12 May 2021 05:00:00 +0000","Health"
"Row0_26","A $4 bit of plastic could have saved Peloton millions","https://www.wired.co.uk/article/peloton-treadmill-recall-design","Wed, 12 May 2021 05:00:00 +0000","Uber"
"Row0_27","Sex toys are switching from hedonism to health","https://www.wired.co.uk/article/sex-toys-health-whats-next-2021","Tue, 11 May 2021 10:14:44 +0000","WIRED Recommends, Gear, Phones"
"Row0_28","An epic row is brewing over Uber’s Soho ‘taxi rank’","https://www.wired.co.uk/article/uber-soho-taxi-rank","Tue, 11 May 2021 10:00:30 +0000","Reviews"
"Row0_29","These are the best Android phones you can buy in 2021","https://www.wired.co.uk/article/best-android-phone","Mon, 10 May 2021 21:09:00 +0000","WIRED Opinion, Facebook, Twitter, May / June 2021 Issue"
"Row0_30","Scientists keep ignoring ugly plants. That’s a big problem","https://www.wired.co.uk/article/ugly-plant-bias","Mon, 10 May 2021 15:09:51 +0000","Engineering, May / June 2021 Issue"
"Row0_31","The robots of the future are already among us","https://www.wired.co.uk/article/robots-in-the-workplace","Mon, 10 May 2021 13:33:00 +0000","Fintech, Startups"
"Row0_32","Resident Evil Village is intentionally dumb… and terrifying","https://www.wired.co.uk/article/resident-evil-8-review","Mon, 10 May 2021 08:41:00 +0000","Sport, Artificial Intelligence"
"Row0_33","Social media companies say they want to be transparent. So why aren’t they?","https://www.wired.co.uk/article/santa-clara-principles","Mon, 10 May 2021 05:00:00 +0000","Cars, Environment"
"Row0_34","The pandemic is ruining Arctic research","https://www.wired.co.uk/article/arctic-greenland-egrip-ice-climate","Sun, 09 May 2021 05:00:00 +0000","WIRED Opinion, May / June 2021 Issue"
"Row0_35","Why brands ditching vowels are rlly stpd","https://www.wired.co.uk/article/abrdn-rebrand-vowels","Fri, 07 May 2021 18:27:00 +0000","Startups, Economics"
"Row0_36","Now DeepMind is using AI to transform football","https://www.wired.co.uk/article/deepmind-football-liverpool-ai","Fri, 07 May 2021 07:52:00 +0000","Fashion, Health"
"Row0_37","An obituary for the internal combustion engine","https://www.wired.co.uk/article/internal-combution-engine-obituary","Fri, 07 May 2021 05:00:00 +0000","WIRED Opinion, Facebook, Twitter, May / June 2021 Issue"
"Row0_38","Startups need to do better","https://www.wired.co.uk/article/niklas-zennstrom-startups-future","Fri, 07 May 2021 05:00:00 +0000","Startups, Regulation, May / June 2021 Issue"
"Row0_39","Darktrace has just salvaged London’s IPO dream","https://www.wired.co.uk/article/darktrace-ipo-london","Thu, 06 May 2021 09:27:38 +0000","Environment, May / June 2021 Issue"
"Row0_40","Smart face masks? Don’t waste your breath","https://www.wired.co.uk/article/smart-face-masks-tested","Thu, 06 May 2021 05:00:00 +0000","Sci-Fi, Film"
"Row0_41","Fix Section 230 and hold tech companies to account","https://www.wired.co.uk/article/section-230-social-media","Thu, 06 May 2021 05:00:00 +0000","Sci-Fi"
"Row0_42","What Faculty is planning next","https://www.wired.co.uk/article/faculty-artificial-intelligence","Wed, 05 May 2021 08:44:53 +0000","Weather, Energy"
"Row0_43","The fight for quiet in a world full of noise pollution","https://www.wired.co.uk/article/quiet-parks-noise-pollution","Wed, 05 May 2021 05:00:00 +0000","Cameras"
"Row0_44","Almost every Star Wars movie and TV show on Disney+, ranked","https://www.wired.co.uk/article/star-wars-ranked-disney-plus","Tue, 04 May 2021 10:00:00 +0000","Politics"
"Row0_45","Andy Weir’s Project Hail Mary is The Martian, again","https://www.wired.co.uk/article/project-hail-mary-andy-weir-science","Tue, 04 May 2021 08:56:40 +0000","Environment, Design, March / April 2021 Issue"
"Row0_46","Bad weather forecasts are a climate crisis disaster","https://www.wired.co.uk/article/solar-weather-forecasting","Tue, 04 May 2021 05:00:00 +0000","Government, Regulation, Politics"
"Row0_47","How to organise your messy photos","https://www.wired.co.uk/article/how-to-organise-photos","Mon, 03 May 2021 05:00:00 +0000",
"Row0_48","The hidden danger of the UK’s flag obsession","https://www.wired.co.uk/article/british-flag-politics","Mon, 03 May 2021 05:00:00 +0000",
"Row0_49","The best sustainable gear to save the planet","https://www.wired.co.uk/article/eco-gear","Sun, 02 May 2021 07:15:00 +0000",
"Row0_50","Loot boxes are dead. What comes next will be worse","https://www.wired.co.uk/article/loot-boxes-new-gambling","Sun, 02 May 2021 05:00:00 +0000",
